{
  "CustomLocations": [
    {
      "Name": "Unknown",
      "Pitch": -0.000000,
      "Roll": 0.000000,
      "X": -1192.641235,
      "Y": -621.919312,
      "Yaw": 1.173240,
      "Z": 23.570370
    },
    {
      "Name": "Unknown",
      "Pitch": -0.000000,
      "Roll": 0.000000,
      "X": 81.772293,
      "Y": -159.682404,
      "Yaw": -1.168185,
      "Z": 53.742123
    },
    {
      "Name": "Unknown",
      "Pitch": -0.000000,
      "Roll": 0.000000,
      "X": -731.592712,
      "Y": -3916.282471,
      "Yaw": -1.380206,
      "Z": 7.674002
    },
    {
      "Name": "Unknown",
      "Pitch": -0.000000,
      "Roll": 0.000000,
      "X": -731.655273,
      "Y": -3916.275879,
      "Yaw": -1.380206,
      "Z": 7.674002
    }
  ]
}