{
  "CustomVehicles": [
    {
      "DashboardColorIndex": 0,
      "EnvEffScale": 0.917647,
      "Flags": {
        "BulletproofTyres": true,
        "CustomPrimaryColor": false,
        "CustomSecondaryColor": false,
        "ExtraFlag1": false,
        "ExtraFlag10": false,
        "ExtraFlag11": true,
        "ExtraFlag12": false,
        "ExtraFlag2": false,
        "ExtraFlag3": false,
        "ExtraFlag4": false,
        "ExtraFlag5": false,
        "ExtraFlag6": false,
        "ExtraFlag7": false,
        "ExtraFlag8": false,
        "ExtraFlag9": false,
        "NeonBack": true,
        "NeonFront": true,
        "NeonLeft": true,
        "NeonRight": true
      },
      "InteriorColorIndex": 0,
      "ModelHash": -1137532101,
      "Name": "Unknown [FQ 2 (maxed)]",
      "NeonColor": {
        "b": 255,
        "g": 255,
        "r": 255
      },
      "NumberPlateIndex": 1,
      "NumberPlateText": "MA 0000",
      "PearlesentColorIndex": 158,
      "PrimaryColor": {
        "b": 15,
        "g": 15,
        "r": 15
      },
      "PrimaryColorIndex": 158,
      "SecondaryColor": {
        "b": 18,
        "g": 18,
        "r": 18
      },
      "SecondaryColorIndex": 158,
      "TyreSmokeColor": {
        "b": 255,
        "g": 255,
        "r": 255
      },
      "VehicleMods": [
        -1,
        -1,
        -1,
        -1,
        -1,
        -1,
        -1,
        -1,
        -1,
        -1,
        -1,
        4,
        3,
        3,
        58,
        4,
        5,
        1,
        1,
        1,
        1,
        1,
        1,
        217,
        -1,
        -1,
        -1,
        -1,
        -1,
        -1,
        -1,
        -1,
        -1,
        -1,
        -1,
        -1,
        -1,
        -1,
        -1,
        -1,
        -1,
        -1,
        -1,
        -1,
        -1,
        -1,
        -1,
        -1,
        -1
      ],
      "WheelColorIndex": 156,
      "WheelType": 9,
      "WheelVariations": [
        1,
        1
      ],
      "WindowTint": 1
    }
  ]
}